"Path","Prefix","Destination"
"ANALISE_ALINHAMENTO_TRIAGEM_ATENDIMENTO.md","ANALISE","docs/archive/2025/ANALISE_ALINHAMENTO_TRIAGEM_ATENDIMENTO.md"
"ANALISE_ARQUITETURA_OMNICHANNEL_COMPLETA.md","ANALISE","docs/archive/2025/ANALISE_ARQUITETURA_OMNICHANNEL_COMPLETA.md"
"ANALISE_BANCO_DADOS_MIGRACAO.md","ANALISE","docs/archive/2025/ANALISE_BANCO_DADOS_MIGRACAO.md"
"ANALISE_BOT_CONFIGURACAO.md","ANALISE","docs/archive/2025/ANALISE_BOT_CONFIGURACAO.md"
"ANALISE_BOT_SISTEMA_ATUAL.md","ANALISE","docs/archive/2025/ANALISE_BOT_SISTEMA_ATUAL.md"
"ANALISE_BOT_TRIAGEM_COMPLETA.md","ANALISE","docs/archive/2025/ANALISE_BOT_TRIAGEM_COMPLETA.md"
"ANALISE_BOT_VS_MERCADO.md","ANALISE","docs/archive/2025/ANALISE_BOT_VS_MERCADO.md"
"ANALISE_COMPARATIVA_CRM_MERCADO.md","ANALISE","docs/archive/2025/ANALISE_COMPARATIVA_CRM_MERCADO.md"
"ANALISE_COMPATIBILIDADE_CONTATOS.md","ANALISE","docs/archive/2025/ANALISE_COMPATIBILIDADE_CONTATOS.md"
"ANALISE_ESTRATEGICA_FERRAMENTAS_ATENDIMENTO.md","ANALISE","docs/archive/2025/ANALISE_ESTRATEGICA_FERRAMENTAS_ATENDIMENTO.md"
"ANALISE_FLUXO_REGISTRO_MULTITENANT.md","ANALISE","docs/archive/2025/ANALISE_FLUXO_REGISTRO_MULTITENANT.md"
"ANALISE_FLUXO_TRIAGEM_COPIA.md","ANALISE","docs/archive/2025/ANALISE_FLUXO_TRIAGEM_COPIA.md"
"ANALISE_IMPACTO_MELHORIAS.md","ANALISE","docs/archive/2025/ANALISE_IMPACTO_MELHORIAS.md"
"ANALISE_INDICADOR_ONLINE_OFFLINE.md","ANALISE","docs/archive/2025/ANALISE_INDICADOR_ONLINE_OFFLINE.md"
"ANALISE_INTEGRACAO_ATENDIMENTO.md","ANALISE","docs/archive/2025/ANALISE_INTEGRACAO_ATENDIMENTO.md"
"ANALISE_INTEGRACAO_CHAT_COMPLETA.md","ANALISE","docs/archive/2025/ANALISE_INTEGRACAO_CHAT_COMPLETA.md"
"ANALISE_INTERFACE_CHAT.md","ANALISE","docs/archive/2025/ANALISE_INTERFACE_CHAT.md"
"ANALISE_KPI_CARDS_CONFIGURACOES.md","ANALISE","docs/archive/2025/ANALISE_KPI_CARDS_CONFIGURACOES.md"
"ANALISE_LOGICA_BOT_VISIBILIDADE.md","ANALISE","docs/archive/2025/ANALISE_LOGICA_BOT_VISIBILIDADE.md"
"ANALISE_MENSAGENS_TEMPO_REAL.md","ANALISE","docs/archive/2025/ANALISE_MENSAGENS_TEMPO_REAL.md"
"ANALISE_MODAL_PIPELINE_INTEGRACAO.md","ANALISE","docs/archive/2025/ANALISE_MODAL_PIPELINE_INTEGRACAO.md"
"ANALISE_MODULOS_PLANOS.md","ANALISE","docs/archive/2025/ANALISE_MODULOS_PLANOS.md"
"ANALISE_MODULOS_SISTEMA.md","ANALISE","docs/archive/2025/ANALISE_MODULOS_SISTEMA.md"
"ANALISE_MULTI_TENANT_PRONTO.md","ANALISE","docs/archive/2025/ANALISE_MULTI_TENANT_PRONTO.md"
"ANALISE_NAVBAR_SUPERIOR.md","ANALISE","docs/archive/2025/ANALISE_NAVBAR_SUPERIOR.md"
"ANALISE_PROFISSIONAL_ATENDIMENTO.md","ANALISE","docs/archive/2025/ANALISE_PROFISSIONAL_ATENDIMENTO.md"
"ANALISE_PROMPT_TRIAGEM_BOT.md","ANALISE","docs/archive/2025/ANALISE_PROMPT_TRIAGEM_BOT.md"
"ANALISE_REDUNDANCIA_TELAS_CRM.md","ANALISE","docs/archive/2025/ANALISE_REDUNDANCIA_TELAS_CRM.md"
"ANALISE_SEGURANCA_COMPLETA.md","ANALISE","docs/archive/2025/ANALISE_SEGURANCA_COMPLETA.md"
"ANALISE_SISTEMA_FILAS.md","ANALISE","docs/archive/2025/ANALISE_SISTEMA_FILAS.md"
"ANALISE_SISTEMA_GLOBAL_2025.md","ANALISE","docs/archive/2025/ANALISE_SISTEMA_GLOBAL_2025.md"
"ANALISE_STATUS_DEPARTAMENTOS.md","ANALISE","docs/archive/2025/ANALISE_STATUS_DEPARTAMENTOS.md"
"ANALISE_TELA_CHAT.md","ANALISE","docs/archive/2025/ANALISE_TELA_CHAT.md"
"ANALISE_VIABILIDADE_OMNICHANNEL_NOV2025.md","ANALISE","docs/archive/2025/ANALISE_VIABILIDADE_OMNICHANNEL_NOV2025.md"
"CONCLUSAO_AUTO_DISTRIBUICAO_SESSAO1.md","CONCLUSAO","docs/archive/2025/CONCLUSAO_AUTO_DISTRIBUICAO_SESSAO1.md"
"CONCLUSAO_BACKEND_DISTRIBUICAO_AVANCADA_FINAL.md","CONCLUSAO","docs/archive/2025/CONCLUSAO_BACKEND_DISTRIBUICAO_AVANCADA_FINAL.md"
"CONCLUSAO_BUG_MODULOS_FIXED.md","CONCLUSAO","docs/archive/2025/CONCLUSAO_BUG_MODULOS_FIXED.md"
"CONCLUSAO_DISTRIBUICAO_AUTOMATICA_BACKEND.md","CONCLUSAO","docs/archive/2025/CONCLUSAO_DISTRIBUICAO_AUTOMATICA_BACKEND.md"
"CONCLUSAO_DISTRIBUICAO_AUTOMATICA_COMPLETA.md","CONCLUSAO","docs/archive/2025/CONCLUSAO_DISTRIBUICAO_AUTOMATICA_COMPLETA.md"
"CONCLUSAO_ETAPA_5_10_DOCUMENTACAO.md","CONCLUSAO","docs/archive/2025/CONCLUSAO_ETAPA_5_10_DOCUMENTACAO.md"
"CONCLUSAO_ETAPA_5_9_TESTES.md","CONCLUSAO","docs/archive/2025/CONCLUSAO_ETAPA_5_9_TESTES.md"
"CONCLUSAO_FINAL_AUTO_DISTRIBUICAO.md","CONCLUSAO","docs/archive/2025/CONCLUSAO_FINAL_AUTO_DISTRIBUICAO.md"
"CONCLUSAO_FRONTEND_DISTRIBUICAO.md","CONCLUSAO","docs/archive/2025/CONCLUSAO_FRONTEND_DISTRIBUICAO.md"
"CONCLUSAO_INATIVIDADE_POR_DEPARTAMENTO.md","CONCLUSAO","docs/archive/2025/CONCLUSAO_INATIVIDADE_POR_DEPARTAMENTO.md"
"CONCLUSAO_INTEGRACAO_DISTRIBUICAO.md","CONCLUSAO","docs/archive/2025/CONCLUSAO_INTEGRACAO_DISTRIBUICAO.md"
"CONCLUSAO_INTEGRACAO_STORE.md","CONCLUSAO","docs/archive/2025/CONCLUSAO_INTEGRACAO_STORE.md"
"CONCLUSAO_LOGGING_ESTRUTURADO.md","CONCLUSAO","docs/archive/2025/CONCLUSAO_LOGGING_ESTRUTURADO.md"
"CONCLUSAO_MELHORIAS_BOT_FINAL.md","CONCLUSAO","docs/archive/2025/CONCLUSAO_MELHORIAS_BOT_FINAL.md"
"CONCLUSAO_OTIMIZACOES_PERFORMANCE.md","CONCLUSAO","docs/archive/2025/CONCLUSAO_OTIMIZACOES_PERFORMANCE.md"
"CONCLUSAO_REGISTRO_ROTAS_DISTRIBUICAO.md","CONCLUSAO","docs/archive/2025/CONCLUSAO_REGISTRO_ROTAS_DISTRIBUICAO.md"
"CONCLUSAO_SEMANA_5.md","CONCLUSAO","docs/archive/2025/CONCLUSAO_SEMANA_5.md"
"CONCLUSAO_SETUP_QUALIDADE.md","CONCLUSAO","docs/archive/2025/CONCLUSAO_SETUP_QUALIDADE.md"
"CONCLUSAO_SISTEMA_WHATSAPP.md","CONCLUSAO","docs/archive/2025/CONCLUSAO_SISTEMA_WHATSAPP.md"
"CONCLUSAO_SLA_TRACKING.md","CONCLUSAO","docs/archive/2025/CONCLUSAO_SLA_TRACKING.md"
"CONCLUSAO_SPRINT1_FINAL.md","CONCLUSAO","docs/archive/2025/CONCLUSAO_SPRINT1_FINAL.md"
"CONCLUSAO_SSL_HTTPS.md","CONCLUSAO","docs/archive/2025/CONCLUSAO_SSL_HTTPS.md"
"CONCLUSAO_TASK_5_FRONTEND.md","CONCLUSAO","docs/archive/2025/CONCLUSAO_TASK_5_FRONTEND.md"
"CONCLUSAO_TESTE_ATENDIMENTO.md","CONCLUSAO","docs/archive/2025/CONCLUSAO_TESTE_ATENDIMENTO.md"
"CONCLUSAO_VALIDACAO_AMBIENTE.md","CONCLUSAO","docs/archive/2025/CONCLUSAO_VALIDACAO_AMBIENTE.md"
"CONCLUSAO_WEEK6_ERROR_BUDGET_MANAGEMENT.md","CONCLUSAO","docs/archive/2025/CONCLUSAO_WEEK6_ERROR_BUDGET_MANAGEMENT.md"
"CONSOLIDACAO_ATALHOS_TECLADO.md","CONSOLIDACAO","docs/archive/2025/CONSOLIDACAO_ATALHOS_TECLADO.md"
"CONSOLIDACAO_ATENDIMENTO_COMPLETA.md","CONSOLIDACAO","docs/archive/2025/CONSOLIDACAO_ATENDIMENTO_COMPLETA.md"
"CONSOLIDACAO_ATRIBUICOES_FINAL.md","CONSOLIDACAO","docs/archive/2025/CONSOLIDACAO_ATRIBUICOES_FINAL.md"
"CONSOLIDACAO_AUDITORIA_CRM.md","CONSOLIDACAO","docs/archive/2025/CONSOLIDACAO_AUDITORIA_CRM.md"
"CONSOLIDACAO_BACKEND_VALIDATION.md","CONSOLIDACAO","docs/archive/2025/CONSOLIDACAO_BACKEND_VALIDATION.md"
"CONSOLIDACAO_CLIENTES_MODULO.md","CONSOLIDACAO","docs/archive/2025/CONSOLIDACAO_CLIENTES_MODULO.md"
"CONSOLIDACAO_COMPLETA_MELHORIAS.md","CONSOLIDACAO","docs/archive/2025/CONSOLIDACAO_COMPLETA_MELHORIAS.md"
"CONSOLIDACAO_CONCLUIDA_TASKS_3_4.md","CONSOLIDACAO","docs/archive/2025/CONSOLIDACAO_CONCLUIDA_TASKS_3_4.md"
"CONSOLIDACAO_CONSTRUTOR_VISUAL.md","CONSOLIDACAO","docs/archive/2025/CONSOLIDACAO_CONSTRUTOR_VISUAL.md"
"CONSOLIDACAO_CONTRATOS_MODULO.md","CONSOLIDACAO","docs/archive/2025/CONSOLIDACAO_CONTRATOS_MODULO.md"
"CONSOLIDACAO_DASHBOARD_RESUMO_REAL.md","CONSOLIDACAO","docs/archive/2025/CONSOLIDACAO_DASHBOARD_RESUMO_REAL.md"
"CONSOLIDACAO_DEVOPS_SEGURANCA.md","CONSOLIDACAO","docs/archive/2025/CONSOLIDACAO_DEVOPS_SEGURANCA.md"
"CONSOLIDACAO_DRAG_DROP_DEPARTAMENTOS.md","CONSOLIDACAO","docs/archive/2025/CONSOLIDACAO_DRAG_DROP_DEPARTAMENTOS.md"
"CONSOLIDACAO_EQUALIZAR_CONTRATOS_20251128.md","CONSOLIDACAO","docs/archive/2025/CONSOLIDACAO_EQUALIZAR_CONTRATOS_20251128.md"
"CONSOLIDACAO_EQUIPE_FILA_COMPLETA.md","CONSOLIDACAO","docs/archive/2025/CONSOLIDACAO_EQUIPE_FILA_COMPLETA.md"
"CONSOLIDACAO_EQUIPE_FILA_COMPLETO.md","CONSOLIDACAO","docs/archive/2025/CONSOLIDACAO_EQUIPE_FILA_COMPLETO.md"
"CONSOLIDACAO_ETAPA2_ZUSTAND.md","CONSOLIDACAO","docs/archive/2025/CONSOLIDACAO_ETAPA2_ZUSTAND.md"
"CONSOLIDACAO_ETAPA3_COMPLETA.md","CONSOLIDACAO","docs/archive/2025/CONSOLIDACAO_ETAPA3_COMPLETA.md"
"CONSOLIDACAO_ETAPA4_DOCUMENTACAO.md","CONSOLIDACAO","docs/archive/2025/CONSOLIDACAO_ETAPA4_DOCUMENTACAO.md"
"CONSOLIDACAO_ETAPA5_SISTEMA_FILAS.md","CONSOLIDACAO","docs/archive/2025/CONSOLIDACAO_ETAPA5_SISTEMA_FILAS.md"
"CONSOLIDACAO_FASE_2_3_ATENDIMENTO.md","CONSOLIDACAO","docs/archive/2025/CONSOLIDACAO_FASE_2_3_ATENDIMENTO.md"
"CONSOLIDACAO_FASE1_FINAL.md","CONSOLIDACAO","docs/archive/2025/CONSOLIDACAO_FASE1_FINAL.md"
"CONSOLIDACAO_FECHAMENTO_AUTOMATICO.md","CONSOLIDACAO","docs/archive/2025/CONSOLIDACAO_FECHAMENTO_AUTOMATICO.md"
"CONSOLIDACAO_FINAL_DISTRIBUICAO_AVANCADA.md","CONSOLIDACAO","docs/archive/2025/CONSOLIDACAO_FINAL_DISTRIBUICAO_AVANCADA.md"
"CONSOLIDACAO_FINAL_SESSAO_DEVOPS.md","CONSOLIDACAO","docs/archive/2025/CONSOLIDACAO_FINAL_SESSAO_DEVOPS.md"
"CONSOLIDACAO_FINAL_SISTEMA.md","CONSOLIDACAO","docs/archive/2025/CONSOLIDACAO_FINAL_SISTEMA.md"
"CONSOLIDACAO_FINAL_SLA.md","CONSOLIDACAO","docs/archive/2025/CONSOLIDACAO_FINAL_SLA.md"
"CONSOLIDACAO_GESTAO_USUARIOS.md","CONSOLIDACAO","docs/archive/2025/CONSOLIDACAO_GESTAO_USUARIOS.md"
"CONSOLIDACAO_LEADS_MODULO.md","CONSOLIDACAO","docs/archive/2025/CONSOLIDACAO_LEADS_MODULO.md"
"CONSOLIDACAO_LICENCIAMENTO_MODULAR.md","CONSOLIDACAO","docs/archive/2025/CONSOLIDACAO_LICENCIAMENTO_MODULAR.md"
"CONSOLIDACAO_LOGIN_ATENDENTES.md","CONSOLIDACAO","docs/archive/2025/CONSOLIDACAO_LOGIN_ATENDENTES.md"
"CONSOLIDACAO_MELHORIAS_PERFORMANCE_FINAL.md","CONSOLIDACAO","docs/archive/2025/CONSOLIDACAO_MELHORIAS_PERFORMANCE_FINAL.md"
"CONSOLIDACAO_MELHORIAS_TRIAGEM.md","CONSOLIDACAO","docs/archive/2025/CONSOLIDACAO_MELHORIAS_TRIAGEM.md"
"CONSOLIDACAO_MELHORIAS_UX.md","CONSOLIDACAO","docs/archive/2025/CONSOLIDACAO_MELHORIAS_UX.md"
"CONSOLIDACAO_MENU_ATENDIMENTO.md","CONSOLIDACAO","docs/archive/2025/CONSOLIDACAO_MENU_ATENDIMENTO.md"
"CONSOLIDACAO_MIGRACAO_26NOV.md","CONSOLIDACAO","docs/archive/2025/CONSOLIDACAO_MIGRACAO_26NOV.md"
"CONSOLIDACAO_NUCLEOS_DEPARTAMENTOS.md","CONSOLIDACAO","docs/archive/2025/CONSOLIDACAO_NUCLEOS_DEPARTAMENTOS.md"
"CONSOLIDACAO_OPORTUNIDADES_MODULO.md","CONSOLIDACAO","docs/archive/2025/CONSOLIDACAO_OPORTUNIDADES_MODULO.md"
"CONSOLIDACAO_PLAYER_AUDIO_RESOLVIDO.md","CONSOLIDACAO","docs/archive/2025/CONSOLIDACAO_PLAYER_AUDIO_RESOLVIDO.md"
"CONSOLIDACAO_PLAYER_AUDIO.md","CONSOLIDACAO","docs/archive/2025/CONSOLIDACAO_PLAYER_AUDIO.md"
"CONSOLIDACAO_PRODUTOS_MODULO.md","CONSOLIDACAO","docs/archive/2025/CONSOLIDACAO_PRODUTOS_MODULO.md"
"CONSOLIDACAO_SESSAO_IMPLEMENTACAO.md","CONSOLIDACAO","docs/archive/2025/CONSOLIDACAO_SESSAO_IMPLEMENTACAO.md"
"CONSOLIDACAO_SISTEMA_EQUIPES.md","CONSOLIDACAO","docs/archive/2025/CONSOLIDACAO_SISTEMA_EQUIPES.md"
"CONSOLIDACAO_STATUS_ENUM.md","CONSOLIDACAO","docs/archive/2025/CONSOLIDACAO_STATUS_ENUM.md"
"CONSOLIDACAO_STORE_INTEGRADA.md","CONSOLIDACAO","docs/archive/2025/CONSOLIDACAO_STORE_INTEGRADA.md"
"CONSOLIDACAO_VALIDACAO_COMPLETA.md","CONSOLIDACAO","docs/archive/2025/CONSOLIDACAO_VALIDACAO_COMPLETA.md"
"CONSOLIDACAO_VALIDACAO_MIGRATIONS_01DEZ2025.md","CONSOLIDACAO","docs/archive/2025/CONSOLIDACAO_VALIDACAO_MIGRATIONS_01DEZ2025.md"
"CORRECAO_400_ATRIBUICOES.md","CORRECAO","docs/archive/2025/CORRECAO_400_ATRIBUICOES.md"
"CORRECAO_APLICADA_MENSAGENS.md","CORRECAO","docs/archive/2025/CORRECAO_APLICADA_MENSAGENS.md"
"CORRECAO_BOT_DEPARTAMENTOS.md","CORRECAO","docs/archive/2025/CORRECAO_BOT_DEPARTAMENTOS.md"
"CORRECAO_BOTAO_VOLTAR_DUPLICADO.md","CORRECAO","docs/archive/2025/CORRECAO_BOTAO_VOLTAR_DUPLICADO.md"
"CORRECAO_BOTOES_DUPLICADOS.md","CORRECAO","docs/archive/2025/CORRECAO_BOTOES_DUPLICADOS.md"
"CORRECAO_BUG_400_LEADS.md","CORRECAO","docs/archive/2025/CORRECAO_BUG_400_LEADS.md"
"CORRECAO_BUSCA_POR_TELEFONE.md","CORRECAO","docs/archive/2025/CORRECAO_BUSCA_POR_TELEFONE.md"
"CORRECAO_CAIXA_TEXTO_CHAT.md","CORRECAO","docs/archive/2025/CORRECAO_CAIXA_TEXTO_CHAT.md"
"CORRECAO_CAMPO_TELEFONE.md","CORRECAO","docs/archive/2025/CORRECAO_CAMPO_TELEFONE.md"
"CORRECAO_CONTATO_SEM_NOME.md","CORRECAO","docs/archive/2025/CORRECAO_CONTATO_SEM_NOME.md"
"CORRECAO_CONVERSAO_JSON_VISUAL.md","CORRECAO","docs/archive/2025/CORRECAO_CONVERSAO_JSON_VISUAL.md"
"CORRECAO_CORES_KANBAN.md","CORRECAO","docs/archive/2025/CORRECAO_CORES_KANBAN.md"
"CORRECAO_DEPARTAMENTOS_CONCLUIDA.md","CORRECAO","docs/archive/2025/CORRECAO_DEPARTAMENTOS_CONCLUIDA.md"
"CORRECAO_EMPRESAID_ATENDIMENTO.md","CORRECAO","docs/archive/2025/CORRECAO_EMPRESAID_ATENDIMENTO.md"
"CORRECAO_EMPRESAID_LOGIN.md","CORRECAO","docs/archive/2025/CORRECAO_EMPRESAID_LOGIN.md"
"CORRECAO_ENVIO_MENSAGENS.md","CORRECAO","docs/archive/2025/CORRECAO_ENVIO_MENSAGENS.md"
"CORRECAO_ERRO_500_INATIVIDADE.md","CORRECAO","docs/archive/2025/CORRECAO_ERRO_500_INATIVIDADE.md"
"CORRECAO_ERRO_500_STATUS.md","CORRECAO","docs/archive/2025/CORRECAO_ERRO_500_STATUS.md"
"CORRECAO_ERRO_NULL_CONTATO.md","CORRECAO","docs/archive/2025/CORRECAO_ERRO_NULL_CONTATO.md"
"CORRECAO_FAIXA_VERDE_CHAT.md","CORRECAO","docs/archive/2025/CORRECAO_FAIXA_VERDE_CHAT.md"
"CORRECAO_FK_ATRIBUICOES.md","CORRECAO","docs/archive/2025/CORRECAO_FK_ATRIBUICOES.md"
"CORRECAO_FORMATO_API.md","CORRECAO","docs/archive/2025/CORRECAO_FORMATO_API.md"
"CORRECAO_FRONTEND_COMPLETA.md","CORRECAO","docs/archive/2025/CORRECAO_FRONTEND_COMPLETA.md"
"CORRECAO_INTERFACE_COMPLETA.md","CORRECAO","docs/archive/2025/CORRECAO_INTERFACE_COMPLETA.md"
"CORRECAO_JWT_SECRET_WEBSOCKET.md","CORRECAO","docs/archive/2025/CORRECAO_JWT_SECRET_WEBSOCKET.md"
"CORRECAO_LOGS_EXCESSIVOS.md","CORRECAO","docs/archive/2025/CORRECAO_LOGS_EXCESSIVOS.md"
"CORRECAO_LOOP_INFINITO.md","CORRECAO","docs/archive/2025/CORRECAO_LOOP_INFINITO.md"
"CORRECAO_MENSAGENS_ATENDENTE_TEMPO_REAL.md","CORRECAO","docs/archive/2025/CORRECAO_MENSAGENS_ATENDENTE_TEMPO_REAL.md"
"CORRECAO_MENSAGENS_CHAT.md","CORRECAO","docs/archive/2025/CORRECAO_MENSAGENS_CHAT.md"
"CORRECAO_MENU_ATENDIMENTO.md","CORRECAO","docs/archive/2025/CORRECAO_MENU_ATENDIMENTO.md"
"CORRECAO_MENU_ATIVO_HIERARQUICO.md","CORRECAO","docs/archive/2025/CORRECAO_MENU_ATIVO_HIERARQUICO.md"
"CORRECAO_NOME_CLIENTE_VINCULADO.md","CORRECAO","docs/archive/2025/CORRECAO_NOME_CLIENTE_VINCULADO.md"
"CORRECAO_NUCLEOS_MATRIZ_ATRIBUICOES.md","CORRECAO","docs/archive/2025/CORRECAO_NUCLEOS_MATRIZ_ATRIBUICOES.md"
"CORRECAO_NUMERO_SEM_9.md","CORRECAO","docs/archive/2025/CORRECAO_NUMERO_SEM_9.md"
"CORRECAO_ORDEM_IMPORTS.md","CORRECAO","docs/archive/2025/CORRECAO_ORDEM_IMPORTS.md"
"CORRECAO_ORDEM_ROTAS_CONTROLLERS.md","CORRECAO","docs/archive/2025/CORRECAO_ORDEM_ROTAS_CONTROLLERS.md"
"CORRECAO_ROTAS_ATENDIMENTO.md","CORRECAO","docs/archive/2025/CORRECAO_ROTAS_ATENDIMENTO.md"
"CORRECAO_SALVAR_TOKEN_TODAS_PROPRIEDADES.md","CORRECAO","docs/archive/2025/CORRECAO_SALVAR_TOKEN_TODAS_PROPRIEDADES.md"
"CORRECAO_SAUDACAO_PERSONALIZADA.md","CORRECAO","docs/archive/2025/CORRECAO_SAUDACAO_PERSONALIZADA.md"
"CORRECAO_SCROLL_AUTOMATICO.md","CORRECAO","docs/archive/2025/CORRECAO_SCROLL_AUTOMATICO.md"
"CORRECAO_SCROLL_ENVIO_FINAL.md","CORRECAO","docs/archive/2025/CORRECAO_SCROLL_ENVIO_FINAL.md"
"CORRECAO_SCROLL_ENVIO.md","CORRECAO","docs/archive/2025/CORRECAO_SCROLL_ENVIO.md"
"CORRECAO_SCROLL_INICIAL.md","CORRECAO","docs/archive/2025/CORRECAO_SCROLL_INICIAL.md"
"CORRECAO_SEGURANCA_ISOLAMENTO.md","CORRECAO","docs/archive/2025/CORRECAO_SEGURANCA_ISOLAMENTO.md"
"CORRECAO_STATUS_CASE_SENSITIVITY.md","CORRECAO","docs/archive/2025/CORRECAO_STATUS_CASE_SENSITIVITY.md"
"CORRECAO_TICKETS_DESAPARECEM_RELOAD.md","CORRECAO","docs/archive/2025/CORRECAO_TICKETS_DESAPARECEM_RELOAD.md"
"CORRECAO_TITULO_DUPLICADO.md","CORRECAO","docs/archive/2025/CORRECAO_TITULO_DUPLICADO.md"
"CORRECAO_TOGGLE_MENU_HIERARQUICO.md","CORRECAO","docs/archive/2025/CORRECAO_TOGGLE_MENU_HIERARQUICO.md"
"CORRECAO_TOKEN_AUTH.md","CORRECAO","docs/archive/2025/CORRECAO_TOKEN_AUTH.md"
"CORRECAO_TOKEN_WEBSOCKET.md","CORRECAO","docs/archive/2025/CORRECAO_TOKEN_WEBSOCKET.md"
"CORRECAO_TOKEN_WHATSAPP_RESUMO.md","CORRECAO","docs/archive/2025/CORRECAO_TOKEN_WHATSAPP_RESUMO.md"
"CORRECAO_TYPEORM_RELATION.md","CORRECAO","docs/archive/2025/CORRECAO_TYPEORM_RELATION.md"
"CORRECAO_UPLOAD_ARQUIVOS.md","CORRECAO","docs/archive/2025/CORRECAO_UPLOAD_ARQUIVOS.md"
"CORRECAO_UUID_VALIDATION.md","CORRECAO","docs/archive/2025/CORRECAO_UUID_VALIDATION.md"
"CORRECAO_VISIVEL_NO_BOT.md","CORRECAO","docs/archive/2025/CORRECAO_VISIVEL_NO_BOT.md"
"CORRECAO_WEBSOCKET_TEMPO_REAL.md","CORRECAO","docs/archive/2025/CORRECAO_WEBSOCKET_TEMPO_REAL.md"
"CORRECAO_WEBSOCKET_UNDEFINED.md","CORRECAO","docs/archive/2025/CORRECAO_WEBSOCKET_UNDEFINED.md"
"FASE_3_LOGGING_ESTRUTURADO_CONCLUIDO.md","FASE","docs/archive/2025/FASE_3_LOGGING_ESTRUTURADO_CONCLUIDO.md"
"FASE_4_SSL_HTTPS_CONCLUIDO.md","FASE","docs/archive/2025/FASE_4_SSL_HTTPS_CONCLUIDO.md"
"FASE_5_PRODUCAO_FINAL_CONCLUIDO.md","FASE","docs/archive/2025/FASE_5_PRODUCAO_FINAL_CONCLUIDO.md"
"MISSAO_CUMPRIDA_ATENDIMENTO.md","MISSAO","docs/archive/2025/MISSAO_CUMPRIDA_ATENDIMENTO.md"
"MISSAO_CUMPRIDA_BOT.md","MISSAO","docs/archive/2025/MISSAO_CUMPRIDA_BOT.md"
"PROGRESSO_AUTO_DISTRIBUICAO_DIA1.md","PROGRESSO","docs/archive/2025/PROGRESSO_AUTO_DISTRIBUICAO_DIA1.md"
"PROGRESSO_AUTO_DISTRIBUICAO_FINAL.md","PROGRESSO","docs/archive/2025/PROGRESSO_AUTO_DISTRIBUICAO_FINAL.md"
"PROGRESSO_ENVIO_MENSAGENS.md","PROGRESSO","docs/archive/2025/PROGRESSO_ENVIO_MENSAGENS.md"
"PROGRESSO_STORE_INTEGRACAO.md","PROGRESSO","docs/archive/2025/PROGRESSO_STORE_INTEGRACAO.md"
"PROGRESSO_TESTES_16OUT.md","PROGRESSO","docs/archive/2025/PROGRESSO_TESTES_16OUT.md"
"PROGRESSO_TOTAL_50_PORCENTO.md","PROGRESSO","docs/archive/2025/PROGRESSO_TOTAL_50_PORCENTO.md"
"PROPOSTA_BLOCO_NUCLEO_DINAMICO.md","PROPOSTA","docs/archive/2025/PROPOSTA_BLOCO_NUCLEO_DINAMICO.md"
"PROPOSTA_CONSOLIDACAO_MENU_ATENDIMENTO.md","PROPOSTA","docs/archive/2025/PROPOSTA_CONSOLIDACAO_MENU_ATENDIMENTO.md"
"PROPOSTA_DEPARTAMENTOS_DINAMICOS.md","PROPOSTA","docs/archive/2025/PROPOSTA_DEPARTAMENTOS_DINAMICOS.md"
"PROPOSTA_PROXIMOS_PASSOS.md","PROPOSTA","docs/archive/2025/PROPOSTA_PROXIMOS_PASSOS.md"
"PROPOSTA_TRIAGEM_BOT_NUCLEOS.md","PROPOSTA","docs/archive/2025/PROPOSTA_TRIAGEM_BOT_NUCLEOS.md"
"RELATORIO_ANALISE_DOCKER.md","RELATORIO","docs/archive/2025/RELATORIO_ANALISE_DOCKER.md"
"RELATORIO_MIGRACAO_MODULOS.md","RELATORIO","docs/archive/2025/RELATORIO_MIGRACAO_MODULOS.md"
"RELATORIO_MIGRATIONS_DEV.md","RELATORIO","docs/archive/2025/RELATORIO_MIGRATIONS_DEV.md"
"RELATORIO_SIMULACAO_ATENDIMENTO_BOT.md","RELATORIO","docs/archive/2025/RELATORIO_SIMULACAO_ATENDIMENTO_BOT.md"
"RELATORIO_TESTE_ATENDIMENTO_PARCIAL.md","RELATORIO","docs/archive/2025/RELATORIO_TESTE_ATENDIMENTO_PARCIAL.md"
"RELATORIO_TESTES_CHAT_INTEGRADO.md","RELATORIO","docs/archive/2025/RELATORIO_TESTES_CHAT_INTEGRADO.md"
"RESUMO_AUTO_DISTRIBUICAO_BACKEND.md","RESUMO","docs/archive/2025/RESUMO_AUTO_DISTRIBUICAO_BACKEND.md"
"RESUMO_BOT_EXECUTIVO.md","RESUMO","docs/archive/2025/RESUMO_BOT_EXECUTIVO.md"
"RESUMO_CHAT_PRONTO.md","RESUMO","docs/archive/2025/RESUMO_CHAT_PRONTO.md"
"RESUMO_CONSOLIDACAO_PRONTO.md","RESUMO","docs/archive/2025/RESUMO_CONSOLIDACAO_PRONTO.md"
"RESUMO_CORRECAO_DUPLICADOS.md","RESUMO","docs/archive/2025/RESUMO_CORRECAO_DUPLICADOS.md"
"RESUMO_CORRECOES_TEMPO_REAL.md","RESUMO","docs/archive/2025/RESUMO_CORRECOES_TEMPO_REAL.md"
"RESUMO_EXECUCAO_ATENDIMENTO.md","RESUMO","docs/archive/2025/RESUMO_EXECUCAO_ATENDIMENTO.md"
"RESUMO_EXECUTIVO_13NOV2025.md","RESUMO","docs/archive/2025/RESUMO_EXECUTIVO_13NOV2025.md"
"RESUMO_EXECUTIVO_ATENDIMENTO.md","RESUMO","docs/archive/2025/RESUMO_EXECUTIVO_ATENDIMENTO.md"
"RESUMO_EXECUTIVO_CONSOLIDACAO.md","RESUMO","docs/archive/2025/RESUMO_EXECUTIVO_CONSOLIDACAO.md"
"RESUMO_EXECUTIVO_DEBUG.md","RESUMO","docs/archive/2025/RESUMO_EXECUTIVO_DEBUG.md"
"RESUMO_EXECUTIVO_DEPLOY.md","RESUMO","docs/archive/2025/RESUMO_EXECUTIVO_DEPLOY.md"
"RESUMO_EXECUTIVO_FASE1.md","RESUMO","docs/archive/2025/RESUMO_EXECUTIVO_FASE1.md"
"RESUMO_EXECUTIVO_INTEGRACAO.md","RESUMO","docs/archive/2025/RESUMO_EXECUTIVO_INTEGRACAO.md"
"RESUMO_EXECUTIVO_LEADS_SESSION_2.md","RESUMO","docs/archive/2025/RESUMO_EXECUTIVO_LEADS_SESSION_2.md"
"RESUMO_EXECUTIVO_MELHORIAS_BOT.md","RESUMO","docs/archive/2025/RESUMO_EXECUTIVO_MELHORIAS_BOT.md"
"RESUMO_EXECUTIVO_PROJETO.md","RESUMO","docs/archive/2025/RESUMO_EXECUTIVO_PROJETO.md"
"RESUMO_EXECUTIVO_SPRINT_1.md","RESUMO","docs/archive/2025/RESUMO_EXECUTIVO_SPRINT_1.md"
"RESUMO_EXECUTIVO_SPRINT1.md","RESUMO","docs/archive/2025/RESUMO_EXECUTIVO_SPRINT1.md"
"RESUMO_EXECUTIVO_SPRINT4.md","RESUMO","docs/archive/2025/RESUMO_EXECUTIVO_SPRINT4.md"
"RESUMO_EXECUTIVO_STATUS.md","RESUMO","docs/archive/2025/RESUMO_EXECUTIVO_STATUS.md"
"RESUMO_EXECUTIVO_WEBSOCKET.md","RESUMO","docs/archive/2025/RESUMO_EXECUTIVO_WEBSOCKET.md"
"RESUMO_FINAL_INTEGRACAO_ATENDIMENTO.md","RESUMO","docs/archive/2025/RESUMO_FINAL_INTEGRACAO_ATENDIMENTO.md"
"RESUMO_FINAL_MIGRATIONS.md","RESUMO","docs/archive/2025/RESUMO_FINAL_MIGRATIONS.md"
"RESUMO_FINAL_PROBLEMA_MENU.md","RESUMO","docs/archive/2025/RESUMO_FINAL_PROBLEMA_MENU.md"
"RESUMO_FINAL_SLA_8NOV.md","RESUMO","docs/archive/2025/RESUMO_FINAL_SLA_8NOV.md"
"RESUMO_FINAL_TEMPO_REAL.md","RESUMO","docs/archive/2025/RESUMO_FINAL_TEMPO_REAL.md"
"RESUMO_FOTO_CONTATO.md","RESUMO","docs/archive/2025/RESUMO_FOTO_CONTATO.md"
"RESUMO_GERAL_STATUS.md","RESUMO","docs/archive/2025/RESUMO_GERAL_STATUS.md"
"RESUMO_IMPLEMENTACAO_WEBHOOK.md","RESUMO","docs/archive/2025/RESUMO_IMPLEMENTACAO_WEBHOOK.md"
"RESUMO_METODOS_FILASERVICE.md","RESUMO","docs/archive/2025/RESUMO_METODOS_FILASERVICE.md"
"RESUMO_MVP_TRIAGEM_BOT.md","RESUMO","docs/archive/2025/RESUMO_MVP_TRIAGEM_BOT.md"
"RESUMO_OTIMIZACOES_PERFORMANCE.md","RESUMO","docs/archive/2025/RESUMO_OTIMIZACOES_PERFORMANCE.md"
"RESUMO_PROGRESSO_7NOV.md","RESUMO","docs/archive/2025/RESUMO_PROGRESSO_7NOV.md"
"RESUMO_SESSAO_03NOV2025.md","RESUMO","docs/archive/2025/RESUMO_SESSAO_03NOV2025.md"
"RESUMO_SESSAO_06NOV2025.md","RESUMO","docs/archive/2025/RESUMO_SESSAO_06NOV2025.md"
"RESUMO_SESSAO_28102025.md","RESUMO","docs/archive/2025/RESUMO_SESSAO_28102025.md"
"RESUMO_SESSAO_DISTRIBUICAO_AUTOMATICA.md","RESUMO","docs/archive/2025/RESUMO_SESSAO_DISTRIBUICAO_AUTOMATICA.md"
"RESUMO_SESSAO_SCRIPTS_03NOV2025.md","RESUMO","docs/archive/2025/RESUMO_SESSAO_SCRIPTS_03NOV2025.md"
"RESUMO_SUCESSO_MODULOS.md","RESUMO","docs/archive/2025/RESUMO_SUCESSO_MODULOS.md"
"RESUMO_VISUAL_DISTRIBUICAO_BACKEND.md","RESUMO","docs/archive/2025/RESUMO_VISUAL_DISTRIBUICAO_BACKEND.md"
"SEMANA_1_OPENTELEMETRY_COMPLETA.md","SEMANA","docs/archive/2025/SEMANA_1_OPENTELEMETRY_COMPLETA.md"
"SEMANA_2_PROMETHEUS_GRAFANA_COMPLETA.md","SEMANA","docs/archive/2025/SEMANA_2_PROMETHEUS_GRAFANA_COMPLETA.md"
"SEMANA_3_STRUCTURED_LOGGING_COMPLETA.md","SEMANA","docs/archive/2025/SEMANA_3_STRUCTURED_LOGGING_COMPLETA.md"
"SEMANA_4_E2E_TESTING_INFRAESTRUTURA.md","SEMANA","docs/archive/2025/SEMANA_4_E2E_TESTING_INFRAESTRUTURA.md"
"SEMANA_5_ALERTING_SLOS.md","SEMANA","docs/archive/2025/SEMANA_5_ALERTING_SLOS.md"
"SEMANA_5_RESUMO_SIMPLES.md","SEMANA","docs/archive/2025/SEMANA_5_RESUMO_SIMPLES.md"
"SESSAO_05NOV2025_FECHAMENTO_AUTOMATICO.md","SESSAO","docs/archive/2025/SESSAO_05NOV2025_FECHAMENTO_AUTOMATICO.md"
"SESSAO_21NOV_ADMIN_EMPRESAS_FINAL.md","SESSAO","docs/archive/2025/SESSAO_21NOV_ADMIN_EMPRESAS_FINAL.md"
"SESSAO_22NOV_FASE2_BACKEND.md","SESSAO","docs/archive/2025/SESSAO_22NOV_FASE2_BACKEND.md"
"SESSAO_CONCLUSAO_16OUT.md","SESSAO","docs/archive/2025/SESSAO_CONCLUSAO_16OUT.md"
"SESSAO_DEBUG_16OUT.md","SESSAO","docs/archive/2025/SESSAO_DEBUG_16OUT.md"
"SESSAO_OTIMIZACOES_PERFORMANCE.md","SESSAO","docs/archive/2025/SESSAO_OTIMIZACOES_PERFORMANCE.md"
"SISTEMA_100_COMPLETO.md","SISTEMA","docs/archive/2025/SISTEMA_100_COMPLETO.md"
"SISTEMA_APROVACAO_COMPLETO.md","SISTEMA","docs/archive/2025/SISTEMA_APROVACAO_COMPLETO.md"
"SISTEMA_ATENDIMENTO_PRONTO.md","SISTEMA","docs/archive/2025/SISTEMA_ATENDIMENTO_PRONTO.md"
"SISTEMA_COMPLETO_FINAL.md","SISTEMA","docs/archive/2025/SISTEMA_COMPLETO_FINAL.md"
"SISTEMA_PRONTO_TESTE_MULTITENANT.md","SISTEMA","docs/archive/2025/SISTEMA_PRONTO_TESTE_MULTITENANT.md"
"SISTEMA_VISIBILIDADE_BOT.md","SISTEMA","docs/archive/2025/SISTEMA_VISIBILIDADE_BOT.md"
"SISTEMA_WHATSAPP_COMPLETO.md","SISTEMA","docs/archive/2025/SISTEMA_WHATSAPP_COMPLETO.md"
"SISTEMA_WHATSAPP_CONCLUIDO.md","SISTEMA","docs/archive/2025/SISTEMA_WHATSAPP_CONCLUIDO.md"
"SPRINT_1_COMPLETO_MULTITENANT.md","SPRINT","docs/archive/2025/SPRINT_1_COMPLETO_MULTITENANT.md"
"STATUS_ATUAL_E_PROXIMOS_PASSOS.md","STATUS","docs/archive/2025/STATUS_ATUAL_E_PROXIMOS_PASSOS.md"
"STATUS_ATUAL_SISTEMA.md","STATUS","docs/archive/2025/STATUS_ATUAL_SISTEMA.md"
"STATUS_BACKEND_ATENDIMENTO.md","STATUS","docs/archive/2025/STATUS_BACKEND_ATENDIMENTO.md"
"STATUS_DEPLOY_ATUAL.md","STATUS","docs/archive/2025/STATUS_DEPLOY_ATUAL.md"
"STATUS_E_PROXIMOS_PASSOS.md","STATUS","docs/archive/2025/STATUS_E_PROXIMOS_PASSOS.md"
"STATUS_FECHAMENTO_AUTOMATICO.md","STATUS","docs/archive/2025/STATUS_FECHAMENTO_AUTOMATICO.md"
"STATUS_FINAL_MELHORIAS.md","STATUS","docs/archive/2025/STATUS_FINAL_MELHORIAS.md"
"STATUS_FINAL_SISTEMA_ATENDIMENTO.md","STATUS","docs/archive/2025/STATUS_FINAL_SISTEMA_ATENDIMENTO.md"
"STATUS_GAMBIARRAS_AUDITORIA_COMPLETA.md","STATUS","docs/archive/2025/STATUS_GAMBIARRAS_AUDITORIA_COMPLETA.md"
"STATUS_INTEGRACAO_ATUAL.md","STATUS","docs/archive/2025/STATUS_INTEGRACAO_ATUAL.md"
"STATUS_INTEGRACAO_WHATSAPP_META.md","STATUS","docs/archive/2025/STATUS_INTEGRACAO_WHATSAPP_META.md"
"STATUS_NUCLEO_ATENDIMENTO_2025.md","STATUS","docs/archive/2025/STATUS_NUCLEO_ATENDIMENTO_2025.md"
"STATUS_PLANO_EXECUTIVO.md","STATUS","docs/archive/2025/STATUS_PLANO_EXECUTIVO.md"
"STATUS_REAL_ATENDIMENTO.md","STATUS","docs/archive/2025/STATUS_REAL_ATENDIMENTO.md"
"STATUS_TESTES_SPRINT1.md","STATUS","docs/archive/2025/STATUS_TESTES_SPRINT1.md"
"STATUS_WEBSOCKET_TEMPO_REAL.md","STATUS","docs/archive/2025/STATUS_WEBSOCKET_TEMPO_REAL.md"
"GUIA_ADICIONAR_OPCOES_MENU.md","GUIA","docs/handbook/GUIA_ADICIONAR_OPCOES_MENU.md"
"GUIA_COMMIT_PROFISSIONAL.md","GUIA","docs/handbook/GUIA_COMMIT_PROFISSIONAL.md"
"GUIA_CONFIGURACAO_DOMINIO.md","GUIA","docs/handbook/GUIA_CONFIGURACAO_DOMINIO.md"
"GUIA_CORRIGIR_FLUXO_BOT.md","GUIA","docs/handbook/GUIA_CORRIGIR_FLUXO_BOT.md"
"GUIA_CRIAR_FLUXO_WHATSAPP.md","GUIA","docs/handbook/GUIA_CRIAR_FLUXO_WHATSAPP.md"
"GUIA_DEPLOY_AWS.md","GUIA","docs/handbook/GUIA_DEPLOY_AWS.md"
"GUIA_EDITOR_VISUAL_PASSO_A_PASSO.md","GUIA","docs/handbook/GUIA_EDITOR_VISUAL_PASSO_A_PASSO.md"
"GUIA_GESTAO_NUCLEOS_WHATSAPP.md","GUIA","docs/handbook/GUIA_GESTAO_NUCLEOS_WHATSAPP.md"
"GUIA_IMPLEMENTACAO_MELHORIAS_BOT.md","GUIA","docs/handbook/GUIA_IMPLEMENTACAO_MELHORIAS_BOT.md"
"GUIA_LICENCIAMENTO_MODULAR.md","GUIA","docs/handbook/GUIA_LICENCIAMENTO_MODULAR.md"
"GUIA_LIMPEZA_DESENVOLVIMENTO.md","GUIA","docs/handbook/GUIA_LIMPEZA_DESENVOLVIMENTO.md"
"GUIA_MELHORIAS_IMPLEMENTADAS.md","GUIA","docs/handbook/GUIA_MELHORIAS_IMPLEMENTADAS.md"
"GUIA_MIGRACAO_AMBIENTE.md","GUIA","docs/handbook/GUIA_MIGRACAO_AMBIENTE.md"
"GUIA_RAPIDO_AGENTE_IA.md","GUIA","docs/handbook/GUIA_RAPIDO_AGENTE_IA.md"
"GUIA_RAPIDO_ATIVAR_WHATSAPP.md","GUIA","docs/handbook/GUIA_RAPIDO_ATIVAR_WHATSAPP.md"
"GUIA_RAPIDO_COMPONENTES_ATENDIMENTO.md","GUIA","docs/handbook/GUIA_RAPIDO_COMPONENTES_ATENDIMENTO.md"
"GUIA_RAPIDO_DROPDOWN_CONTATOS.md","GUIA","docs/handbook/GUIA_RAPIDO_DROPDOWN_CONTATOS.md"
"GUIA_RAPIDO_IMPORTAR_FLUXO.md","GUIA","docs/handbook/GUIA_RAPIDO_IMPORTAR_FLUXO.md"
"GUIA_RAPIDO_INTEGRACAO_APIS.md","GUIA","docs/handbook/GUIA_RAPIDO_INTEGRACAO_APIS.md"
"GUIA_RAPIDO_PLANO_EXCELENCIA.md","GUIA","docs/handbook/GUIA_RAPIDO_PLANO_EXCELENCIA.md"
"GUIA_RAPIDO_TESTE_CHAT.md","GUIA","docs/handbook/GUIA_RAPIDO_TESTE_CHAT.md"
"GUIA_RAPIDO_TESTES_5MIN.md","GUIA","docs/handbook/GUIA_RAPIDO_TESTES_5MIN.md"
"GUIA_RAPIDO_VISIBILIDADE_BOT.md","GUIA","docs/handbook/GUIA_RAPIDO_VISIBILIDADE_BOT.md"
"GUIA_REINICIAR_TESTAR.md","GUIA","docs/handbook/GUIA_REINICIAR_TESTAR.md"
"GUIA_REMOVER_DEPLOY_QUEBRADO.md","GUIA","docs/handbook/GUIA_REMOVER_DEPLOY_QUEBRADO.md"
"GUIA_SISTEMA_FILAS.md","GUIA","docs/handbook/GUIA_SISTEMA_FILAS.md"
"GUIA_TESTE_ADMIN_EMPRESAS.md","GUIA","docs/handbook/GUIA_TESTE_ADMIN_EMPRESAS.md"
"GUIA_TESTE_APROVACAO.md","GUIA","docs/handbook/GUIA_TESTE_APROVACAO.md"
"GUIA_TESTE_CACHE_COMPLETO.md","GUIA","docs/handbook/GUIA_TESTE_CACHE_COMPLETO.md"
"GUIA_TESTE_CONSTRUTOR_VISUAL.md","GUIA","docs/handbook/GUIA_TESTE_CONSTRUTOR_VISUAL.md"
"GUIA_TESTE_CORRECAO_DUPLICADOS.md","GUIA","docs/handbook/GUIA_TESTE_CORRECAO_DUPLICADOS.md"
"GUIA_TESTE_EMAIL_NOTIFICATIONS.md","GUIA","docs/handbook/GUIA_TESTE_EMAIL_NOTIFICATIONS.md"
"GUIA_TESTE_FECHAMENTO_AUTOMATICO.md","GUIA","docs/handbook/GUIA_TESTE_FECHAMENTO_AUTOMATICO.md"
"GUIA_TESTE_HISTORICO_VERSOES.md","GUIA","docs/handbook/GUIA_TESTE_HISTORICO_VERSOES.md"
"GUIA_TESTE_INTERFACES.md","GUIA","docs/handbook/GUIA_TESTE_INTERFACES.md"
"GUIA_TESTE_MANUAL_DISTRIBUICAO.md","GUIA","docs/handbook/GUIA_TESTE_MANUAL_DISTRIBUICAO.md"
"GUIA_TESTE_MANUAL_PERFORMANCE_AUTH.md","GUIA","docs/handbook/GUIA_TESTE_MANUAL_PERFORMANCE_AUTH.md"
"GUIA_TESTE_MANUAL.md","GUIA","docs/handbook/GUIA_TESTE_MANUAL.md"
"GUIA_TESTE_MULTI_TAB.md","GUIA","docs/handbook/GUIA_TESTE_MULTI_TAB.md"
"GUIA_TESTE_MULTI_TENANT.md","GUIA","docs/handbook/GUIA_TESTE_MULTI_TENANT.md"
"GUIA_TESTE_PRODUCAO.md","GUIA","docs/handbook/GUIA_TESTE_PRODUCAO.md"
"GUIA_TESTE_TEMPLATES_MENSAGENS.md","GUIA","docs/handbook/GUIA_TESTE_TEMPLATES_MENSAGENS.md"
"GUIA_TESTES_INTEGRACAO_DISTRIBUICAO.md","GUIA","docs/handbook/GUIA_TESTES_INTEGRACAO_DISTRIBUICAO.md"
"GUIA_TESTES_RAPIDO.md","GUIA","docs/handbook/GUIA_TESTES_RAPIDO.md"
"GUIA_TESTES_SPRINT4.md","GUIA","docs/handbook/GUIA_TESTES_SPRINT4.md"
"GUIA_TESTES_TRIAGEM_BOT.md","GUIA","docs/handbook/GUIA_TESTES_TRIAGEM_BOT.md"
"GUIA_TOKEN_PERMANENTE_WHATSAPP.md","GUIA","docs/handbook/GUIA_TOKEN_PERMANENTE_WHATSAPP.md"
"GUIA_TOKEN_WHATSAPP.md","GUIA","docs/handbook/GUIA_TOKEN_WHATSAPP.md"
"GUIA_VALIDACAO_FRONTEND.md","GUIA","docs/handbook/GUIA_VALIDACAO_FRONTEND.md"
"GUIA_VALIDACAO_SISTEMA.md","GUIA","docs/handbook/GUIA_VALIDACAO_SISTEMA.md"
"INDICE_AUTO_DISTRIBUICAO.md","INDICE","docs/handbook/INDICE_AUTO_DISTRIBUICAO.md"
"INDICE_DEPLOY_PRODUCAO.md","INDICE","docs/handbook/INDICE_DEPLOY_PRODUCAO.md"
"INDICE_DOCUMENTACAO_BOT.md","INDICE","docs/handbook/INDICE_DOCUMENTACAO_BOT.md"
"INDICE_DOCUMENTACAO_IA.md","INDICE","docs/handbook/INDICE_DOCUMENTACAO_IA.md"
"INDICE_DOCUMENTACAO.md","INDICE","docs/handbook/INDICE_DOCUMENTACAO.md"
"INDICE_FLUXO.md","INDICE","docs/handbook/INDICE_FLUXO.md"
"ROADMAP_ADMIN_PORTAL_SAAS.md","ROADMAP","docs/handbook/ROADMAP_ADMIN_PORTAL_SAAS.md"
"ROADMAP_MELHORIAS.md","ROADMAP","docs/handbook/ROADMAP_MELHORIAS.md"
"ROADMAP_MODULO_LEADS_CRM.md","ROADMAP","docs/handbook/ROADMAP_MODULO_LEADS_CRM.md"
"ROADMAP_MULTI_TENANT_PRODUCAO.md","ROADMAP","docs/handbook/ROADMAP_MULTI_TENANT_PRODUCAO.md"
"ROADMAP_PROXIMAS_FASES.md","ROADMAP","docs/handbook/ROADMAP_PROXIMAS_FASES.md"
"ROADMAP_SPRINT_2.md","ROADMAP","docs/handbook/ROADMAP_SPRINT_2.md"
"CHECKLIST_DEPLOY_CORRIGIDO.md","CHECKLIST","docs/runbooks/CHECKLIST_DEPLOY_CORRIGIDO.md"
"CHECKLIST_FINAL_CONSOLE_SCROLL.md","CHECKLIST","docs/runbooks/CHECKLIST_FINAL_CONSOLE_SCROLL.md"
"CHECKLIST_FINAL_FECHAMENTO_AUTOMATICO.md","CHECKLIST","docs/runbooks/CHECKLIST_FINAL_FECHAMENTO_AUTOMATICO.md"
"CHECKLIST_MELHORIAS_PERFORMANCE.md","CHECKLIST","docs/runbooks/CHECKLIST_MELHORIAS_PERFORMANCE.md"
"CHECKLIST_PRE_DEPLOY_AWS.md","CHECKLIST","docs/runbooks/CHECKLIST_PRE_DEPLOY_AWS.md"
"CHECKLIST_PROGRESSO_VISUAL.md","CHECKLIST","docs/runbooks/CHECKLIST_PROGRESSO_VISUAL.md"
"CHECKLIST_PROMPT_TRIAGEM.md","CHECKLIST","docs/runbooks/CHECKLIST_PROMPT_TRIAGEM.md"
"CHECKLIST_RAPIDO_TEMPLATES.md","CHECKLIST","docs/runbooks/CHECKLIST_RAPIDO_TEMPLATES.md"
"CHECKLIST_SYNC_DB_PRODUCAO.md","CHECKLIST","docs/runbooks/CHECKLIST_SYNC_DB_PRODUCAO.md"
"CHECKLIST_TEMPO_REAL.md","CHECKLIST","docs/runbooks/CHECKLIST_TEMPO_REAL.md"
"CHECKLIST_TESTE_RAPIDO.md","CHECKLIST","docs/runbooks/CHECKLIST_TESTE_RAPIDO.md"
"CHECKLIST_TESTE_TRIAGEM_COMPLETO.md","CHECKLIST","docs/runbooks/CHECKLIST_TESTE_TRIAGEM_COMPLETO.md"
"CHECKLIST_TESTES_E2E_LEADS.md","CHECKLIST","docs/runbooks/CHECKLIST_TESTES_E2E_LEADS.md"
"CHECKLIST_TESTES_INTERATIVO.md","CHECKLIST","docs/runbooks/CHECKLIST_TESTES_INTERATIVO.md"
"CHECKLIST_VALIDACAO_ALERTING.md","CHECKLIST","docs/runbooks/CHECKLIST_VALIDACAO_ALERTING.md"
"CHECKLIST_VALIDACAO_FILAS.md","CHECKLIST","docs/runbooks/CHECKLIST_VALIDACAO_FILAS.md"
"CHECKLIST_VALIDACAO_VISUAL_DASHBOARD.md","CHECKLIST","docs/runbooks/CHECKLIST_VALIDACAO_VISUAL_DASHBOARD.md"
"IMPLEMENTACAO_CACHE_MONITORAMENTO.md","IMPLEMENTACAO","docs/runbooks/IMPLEMENTACAO_CACHE_MONITORAMENTO.md"
"IMPLEMENTACAO_CAMPOS_CALCULADOS.md","IMPLEMENTACAO","docs/runbooks/IMPLEMENTACAO_CAMPOS_CALCULADOS.md"
"IMPLEMENTACAO_CONCLUIDA_ATENDIMENTO.md","IMPLEMENTACAO","docs/runbooks/IMPLEMENTACAO_CONCLUIDA_ATENDIMENTO.md"
"IMPLEMENTACAO_DEPARTAMENTOS_COMPLETA.md","IMPLEMENTACAO","docs/runbooks/IMPLEMENTACAO_DEPARTAMENTOS_COMPLETA.md"
"IMPLEMENTACAO_FOTO_CONTATO.md","IMPLEMENTACAO","docs/runbooks/IMPLEMENTACAO_FOTO_CONTATO.md"
"IMPLEMENTACAO_ICONES_SIDEBAR_COLAPSADA.md","IMPLEMENTACAO","docs/runbooks/IMPLEMENTACAO_ICONES_SIDEBAR_COLAPSADA.md"
"IMPLEMENTACAO_INATIVIDADE_POR_DEPARTAMENTO.md","IMPLEMENTACAO","docs/runbooks/IMPLEMENTACAO_INATIVIDADE_POR_DEPARTAMENTO.md"
"IMPLEMENTACAO_LOGIN_ATENDENTES.md","IMPLEMENTACAO","docs/runbooks/IMPLEMENTACAO_LOGIN_ATENDENTES.md"
"IMPLEMENTACAO_MENU_DINAMICO_RESUMO.md","IMPLEMENTACAO","docs/runbooks/IMPLEMENTACAO_MENU_DINAMICO_RESUMO.md"
"IMPLEMENTACAO_NUCLEOS_DINAMICOS.md","IMPLEMENTACAO","docs/runbooks/IMPLEMENTACAO_NUCLEOS_DINAMICOS.md"
"IMPLEMENTACAO_PIPELINE_KANBAN.md","IMPLEMENTACAO","docs/runbooks/IMPLEMENTACAO_PIPELINE_KANBAN.md"
"IMPLEMENTACAO_SPRINT1_CONCLUIDA.md","IMPLEMENTACAO","docs/runbooks/IMPLEMENTACAO_SPRINT1_CONCLUIDA.md"
"IMPLEMENTACAO_VISIBILIDADE_BOT_COMPLETA.md","IMPLEMENTACAO","docs/runbooks/IMPLEMENTACAO_VISIBILIDADE_BOT_COMPLETA.md"
"INTEGRACAO_BOT_NUCLEOS_VISIVEIS.md","INTEGRACAO","docs/runbooks/INTEGRACAO_BOT_NUCLEOS_VISIVEIS.md"
"INTEGRACAO_BOT_NUCLEOS.md","INTEGRACAO","docs/runbooks/INTEGRACAO_BOT_NUCLEOS.md"
"INTEGRACAO_COMPLETA_FASES_2_3.md","INTEGRACAO","docs/runbooks/INTEGRACAO_COMPLETA_FASES_2_3.md"
"INTEGRACAO_COMPLETA_FINALIZADA.md","INTEGRACAO","docs/runbooks/INTEGRACAO_COMPLETA_FINALIZADA.md"
"INTEGRACAO_COMPONENTES_ATENDIMENTO.md","INTEGRACAO","docs/runbooks/INTEGRACAO_COMPONENTES_ATENDIMENTO.md"
"INTEGRACAO_DASHBOARD_CHARTS_COMPLETA.md","INTEGRACAO","docs/runbooks/INTEGRACAO_DASHBOARD_CHARTS_COMPLETA.md"
"INTEGRACAO_DISTRIBUICAO_FILA.md","INTEGRACAO","docs/runbooks/INTEGRACAO_DISTRIBUICAO_FILA.md"
"INTEGRACAO_END_TO_END.md","INTEGRACAO","docs/runbooks/INTEGRACAO_END_TO_END.md"
"INTEGRACAO_FRONTEND_BACKEND_COMPLETA.md","INTEGRACAO","docs/runbooks/INTEGRACAO_FRONTEND_BACKEND_COMPLETA.md"
"INTEGRACAO_FRONTEND_BACKEND.md","INTEGRACAO","docs/runbooks/INTEGRACAO_FRONTEND_BACKEND.md"
"INTEGRACAO_STORE_PROGRESSO.md","INTEGRACAO","docs/runbooks/INTEGRACAO_STORE_PROGRESSO.md"
"PLANEJAMENTO_DISTRIBUICAO_AUTOMATICA.md","PLANEJAMENTO","docs/runbooks/PLANEJAMENTO_DISTRIBUICAO_AUTOMATICA.md"
"PLANEJAMENTO_SLA_TRACKING.md","PLANEJAMENTO","docs/runbooks/PLANEJAMENTO_SLA_TRACKING.md"
"PLANO_CONCLUSAO_ATENDIMENTO.md","PLANO","docs/runbooks/PLANO_CONCLUSAO_ATENDIMENTO.md"
"PLANO_DE_ACAO_ATUAL.md","PLANO","docs/runbooks/PLANO_DE_ACAO_ATUAL.md"
"PLANO_DEPLOY_LIMPO_AWS.md","PLANO","docs/runbooks/PLANO_DEPLOY_LIMPO_AWS.md"
"PLANO_DEPLOY_PRODUCAO.md","PLANO","docs/runbooks/PLANO_DEPLOY_PRODUCAO.md"
"PLANO_ELIMINACAO_GAMBIARRAS_ROADMAP.md","PLANO","docs/runbooks/PLANO_ELIMINACAO_GAMBIARRAS_ROADMAP.md"
"PLANO_ETAPA3_OTIMIZACOES.md","PLANO","docs/runbooks/PLANO_ETAPA3_OTIMIZACOES.md"
"PLANO_FINALIZACAO_ATENDIMENTO.md","PLANO","docs/runbooks/PLANO_FINALIZACAO_ATENDIMENTO.md"
"PLANO_TESTES_NUCLEOS_DEPARTAMENTOS.md","PLANO","docs/runbooks/PLANO_TESTES_NUCLEOS_DEPARTAMENTOS.md"
"PLANO_UNIFICACAO_EQUIPE_FILA.md","PLANO","docs/runbooks/PLANO_UNIFICACAO_EQUIPE_FILA.md"
"PROBLEMA_502_RESOLVIDO.md","PROBLEMA","docs/runbooks/PROBLEMA_502_RESOLVIDO.md"
"PROBLEMA_ERRO_500_CONTATOS.md","PROBLEMA","docs/runbooks/PROBLEMA_ERRO_500_CONTATOS.md"
"PROBLEMA_MIGRATIONS_COMERCIAL.md","PROBLEMA","docs/runbooks/PROBLEMA_MIGRATIONS_COMERCIAL.md"
"PROBLEMA_MIGRATIONS_DESTRUTIVAS.md","PROBLEMA","docs/runbooks/PROBLEMA_MIGRATIONS_DESTRUTIVAS.md"
"PROBLEMA_RESOLVIDO_MENSAGEM_WHATSAPP.md","PROBLEMA","docs/runbooks/PROBLEMA_RESOLVIDO_MENSAGEM_WHATSAPP.md"
"PROBLEMA_TOKEN_EXPIRADO.md","PROBLEMA","docs/runbooks/PROBLEMA_TOKEN_EXPIRADO.md"
"PROBLEMA_WEBHOOK_TICKETS_ZERO.md","PROBLEMA","docs/runbooks/PROBLEMA_WEBHOOK_TICKETS_ZERO.md"
"PROBLEMA_WEBSOCKET_LOOP.md","PROBLEMA","docs/runbooks/PROBLEMA_WEBSOCKET_LOOP.md"
"PROXIMAS_ACOES.md","PROXIMAS","docs/runbooks/PROXIMAS_ACOES.md"
"PROXIMOS_PASSOS_ACAO_IMEDIATA.md","PROXIMOS","docs/runbooks/PROXIMOS_PASSOS_ACAO_IMEDIATA.md"
"PROXIMOS_PASSOS_ATENDIMENTO.md","PROXIMOS","docs/runbooks/PROXIMOS_PASSOS_ATENDIMENTO.md"
"PROXIMOS_PASSOS_DEBUG.md","PROXIMOS","docs/runbooks/PROXIMOS_PASSOS_DEBUG.md"
"PROXIMOS_PASSOS_DEPLOY.md","PROXIMOS","docs/runbooks/PROXIMOS_PASSOS_DEPLOY.md"
"PROXIMOS_PASSOS_DETALHADOS.md","PROXIMOS","docs/runbooks/PROXIMOS_PASSOS_DETALHADOS.md"
"PROXIMOS_PASSOS_EXECUCAO.md","PROXIMOS","docs/runbooks/PROXIMOS_PASSOS_EXECUCAO.md"
"PROXIMOS_PASSOS_IMPLEMENTACAO.md","PROXIMOS","docs/runbooks/PROXIMOS_PASSOS_IMPLEMENTACAO.md"
"PROXIMOS_PASSOS_MULTI_TENANCY.md","PROXIMOS","docs/runbooks/PROXIMOS_PASSOS_MULTI_TENANCY.md"
"PROXIMOS_PASSOS_OPCIONAIS.md","PROXIMOS","docs/runbooks/PROXIMOS_PASSOS_OPCIONAIS.md"
"PROXIMOS_PASSOS_PIPELINE.md","PROXIMOS","docs/runbooks/PROXIMOS_PASSOS_PIPELINE.md"
"PROXIMOS_PASSOS_RAPIDO.md","PROXIMOS","docs/runbooks/PROXIMOS_PASSOS_RAPIDO.md"
"PROXIMOS_PASSOS_TRIAGEM.md","PROXIMOS","docs/runbooks/PROXIMOS_PASSOS_TRIAGEM.md"
"SOLUCAO_AUDIO_WHATSAPP_CACHE.md","SOLUCAO","docs/runbooks/SOLUCAO_AUDIO_WHATSAPP_CACHE.md"
"SOLUCAO_BUG_MODULOS.md","SOLUCAO","docs/runbooks/SOLUCAO_BUG_MODULOS.md"
"SOLUCAO_CACHE_WHATSAPP.md","SOLUCAO","docs/runbooks/SOLUCAO_CACHE_WHATSAPP.md"
"SOLUCAO_ERRO_401_PIPELINE.md","SOLUCAO","docs/runbooks/SOLUCAO_ERRO_401_PIPELINE.md"
"SOLUCAO_ERRO_500_TICKETS.md","SOLUCAO","docs/runbooks/SOLUCAO_ERRO_500_TICKETS.md"
"SOLUCAO_ERRO_502_FRONTEND.md","SOLUCAO","docs/runbooks/SOLUCAO_ERRO_502_FRONTEND.md"
"SOLUCAO_ERRO_NUCLEOS_ENTITY_METADATA.md","SOLUCAO","docs/runbooks/SOLUCAO_ERRO_NUCLEOS_ENTITY_METADATA.md"
"SOLUCAO_FINAL_MIGRATIONS.md","SOLUCAO","docs/runbooks/SOLUCAO_FINAL_MIGRATIONS.md"
"SOLUCAO_NUMERO_NAO_PERMITIDO.md","SOLUCAO","docs/runbooks/SOLUCAO_NUMERO_NAO_PERMITIDO.md"
"SOLUCAO_PLAYER_AUDIO_URLS_TEMPORARIAS.md","SOLUCAO","docs/runbooks/SOLUCAO_PLAYER_AUDIO_URLS_TEMPORARIAS.md"
"SOLUCAO_POSTGRESQL_LOCAL.md","SOLUCAO","docs/runbooks/SOLUCAO_POSTGRESQL_LOCAL.md"
"SOLUCAO_TABELA_TRIAGEM_LOGS.md","SOLUCAO","docs/runbooks/SOLUCAO_TABELA_TRIAGEM_LOGS.md"
"TESTE_AGORA.md","TESTE","docs/runbooks/TESTE_AGORA.md"
"TESTE_APROVACAO_COTACAO.md","TESTE","docs/runbooks/TESTE_APROVACAO_COTACAO.md"
"TESTE_APROVACAO_LOTE.md","TESTE","docs/runbooks/TESTE_APROVACAO_LOTE.md"
"TESTE_BOT_FUNCIONANDO_SUCESSO.md","TESTE","docs/runbooks/TESTE_BOT_FUNCIONANDO_SUCESSO.md"
"TESTE_E2E_MULTI_TENANCY_RESULTADOS.md","TESTE","docs/runbooks/TESTE_E2E_MULTI_TENANCY_RESULTADOS.md"
"TESTE_FECHAMENTO_AUTOMATICO.md","TESTE","docs/runbooks/TESTE_FECHAMENTO_AUTOMATICO.md"
"TESTE_FLUXO_COMPLETO_ATENDIMENTO.md","TESTE","docs/runbooks/TESTE_FLUXO_COMPLETO_ATENDIMENTO.md"
"TESTE_INTEGRACAO_DASHBOARD_SUCESSO.md","TESTE","docs/runbooks/TESTE_INTEGRACAO_DASHBOARD_SUCESSO.md"
"TESTE_INTEGRACAO_RAPIDO.md","TESTE","docs/runbooks/TESTE_INTEGRACAO_RAPIDO.md"
"TESTE_INTERATIVO_TEMPLATES.md","TESTE","docs/runbooks/TESTE_INTERATIVO_TEMPLATES.md"
"TESTE_LEADS_BACKEND.md","TESTE","docs/runbooks/TESTE_LEADS_BACKEND.md"
"TESTE_LOAD_RATE_LIMITING.md","TESTE","docs/runbooks/TESTE_LOAD_RATE_LIMITING.md"
"TESTE_MANUAL_SLA.md","TESTE","docs/runbooks/TESTE_MANUAL_SLA.md"
"TESTE_MENU_CONSOLIDADO.md","TESTE","docs/runbooks/TESTE_MENU_CONSOLIDADO.md"
"TESTE_RAPIDO_ATRIBUICOES.md","TESTE","docs/runbooks/TESTE_RAPIDO_ATRIBUICOES.md"
"TESTE_RAPIDO_AUTO_DISTRIBUICAO.md","TESTE","docs/runbooks/TESTE_RAPIDO_AUTO_DISTRIBUICAO.md"
"TESTE_RAPIDO_DISTRIBUICAO_BACKEND.md","TESTE","docs/runbooks/TESTE_RAPIDO_DISTRIBUICAO_BACKEND.md"
"TESTE_RAPIDO_WHATSAPP_AGORA.md","TESTE","docs/runbooks/TESTE_RAPIDO_WHATSAPP_AGORA.md"
"TESTE_STATUS_ONLINE.md","TESTE","docs/runbooks/TESTE_STATUS_ONLINE.md"
"TESTE_STORE_ZUSTAND_FINAL.md","TESTE","docs/runbooks/TESTE_STORE_ZUSTAND_FINAL.md"
"TESTE_WEBHOOK_REAL_WHATSAPP.md","TESTE","docs/runbooks/TESTE_WEBHOOK_REAL_WHATSAPP.md"
"VALIDACAO_ALERTING_COMPLETA.md","VALIDACAO","docs/runbooks/VALIDACAO_ALERTING_COMPLETA.md"
"VALIDACAO_CHAT_AUTOMATIZADA.md","VALIDACAO","docs/runbooks/VALIDACAO_CHAT_AUTOMATIZADA.md"
"VALIDACAO_COMPLETA_QUICK_WINS.md","VALIDACAO","docs/runbooks/VALIDACAO_COMPLETA_QUICK_WINS.md"
"VALIDACAO_DOCKER_CHECKLIST.md","VALIDACAO","docs/runbooks/VALIDACAO_DOCKER_CHECKLIST.md"
"VALIDACAO_DTOS_COMPLETA.md","VALIDACAO","docs/runbooks/VALIDACAO_DTOS_COMPLETA.md"
"VALIDACAO_E2E_COMPLETA.md","VALIDACAO","docs/runbooks/VALIDACAO_E2E_COMPLETA.md"
"VALIDACAO_ENDPOINTS_FILAS.md","VALIDACAO","docs/runbooks/VALIDACAO_ENDPOINTS_FILAS.md"
"VALIDACAO_FINAL_PRODUCAO.md","VALIDACAO","docs/runbooks/VALIDACAO_FINAL_PRODUCAO.md"
"VALIDACAO_FINAL_SUCESSO.md","VALIDACAO","docs/runbooks/VALIDACAO_FINAL_SUCESSO.md"
"VALIDACAO_FINAL_WEBSOCKET_100_COMPLETO.md","VALIDACAO","docs/runbooks/VALIDACAO_FINAL_WEBSOCKET_100_COMPLETO.md"
"VALIDACAO_FRONTEND_COMPLETA.md","VALIDACAO","docs/runbooks/VALIDACAO_FRONTEND_COMPLETA.md"
"VALIDACAO_RAPIDA_DISTRIBUICAO.md","VALIDACAO","docs/runbooks/VALIDACAO_RAPIDA_DISTRIBUICAO.md"
"VALIDACAO_RLS_AWS_RESULTADOS.md","VALIDACAO","docs/runbooks/VALIDACAO_RLS_AWS_RESULTADOS.md"
"VALIDACAO_UI_AUTO_DISTRIBUICAO.md","VALIDACAO","docs/runbooks/VALIDACAO_UI_AUTO_DISTRIBUICAO.md"
"VALIDACAO_WEBHOOK_PRODUCAO.md","VALIDACAO","docs/runbooks/VALIDACAO_WEBHOOK_PRODUCAO.md"
